<?xml version="1.0" encoding="UTF-8"?>
<metadata xml:lang="zh"><Esri><CreaDate>20220501</CreaDate><CreaTime>10275600</CreaTime><ArcGISFormat>1.0</ArcGISFormat><SyncOnce>FALSE</SyncOnce><DataProperties><itemProps><itemName Sync="TRUE">分市</itemName><imsContentType Sync="TRUE">002</imsContentType><itemLocation><linkage Sync="TRUE">file://\\HORIZON7\D$\我的坚果云\我的坚果云\ArcGIS数据\行政区划数据库\待发布合并数据.gdb</linkage><protocol Sync="TRUE">Local Area Network</protocol></itemLocation></itemProps><coordRef><type Sync="TRUE">Geographic</type><geogcsn Sync="TRUE">GCS_WGS_1984</geogcsn><csUnits Sync="TRUE">Angular Unit: Degree (0.017453)</csUnits><peXml Sync="TRUE">&lt;GeographicCoordinateSystem xsi:type='typens:GeographicCoordinateSystem' xmlns:xsi='http://www.w3.org/2001/XMLSchema-instance' xmlns:xs='http://www.w3.org/2001/XMLSchema' xmlns:typens='http://www.esri.com/schemas/ArcGIS/10.1'&gt;&lt;WKT&gt;GEOGCS[&amp;quot;GCS_WGS_1984&amp;quot;,DATUM[&amp;quot;D_WGS_1984&amp;quot;,SPHEROID[&amp;quot;WGS_1984&amp;quot;,6378137.0,298.257223563]],PRIMEM[&amp;quot;Greenwich&amp;quot;,0.0],UNIT[&amp;quot;Degree&amp;quot;,0.0174532925199433],AUTHORITY[&amp;quot;EPSG&amp;quot;,4326]]&lt;/WKT&gt;&lt;XOrigin&gt;-400&lt;/XOrigin&gt;&lt;YOrigin&gt;-400&lt;/YOrigin&gt;&lt;XYScale&gt;1111948722.2222221&lt;/XYScale&gt;&lt;ZOrigin&gt;-100000&lt;/ZOrigin&gt;&lt;ZScale&gt;10000&lt;/ZScale&gt;&lt;MOrigin&gt;-100000&lt;/MOrigin&gt;&lt;MScale&gt;10000&lt;/MScale&gt;&lt;XYTolerance&gt;8.983152841195215e-009&lt;/XYTolerance&gt;&lt;ZTolerance&gt;0.001&lt;/ZTolerance&gt;&lt;MTolerance&gt;0.001&lt;/MTolerance&gt;&lt;HighPrecision&gt;true&lt;/HighPrecision&gt;&lt;LeftLongitude&gt;-180&lt;/LeftLongitude&gt;&lt;WKID&gt;4326&lt;/WKID&gt;&lt;LatestWKID&gt;4326&lt;/LatestWKID&gt;&lt;/GeographicCoordinateSystem&gt;</peXml></coordRef><lineage><Process ToolSource="d:\programs\gis\desktop10.2\ArcToolbox\Toolboxes\Data Management Tools.tbx\Merge" Date="20220430" Time="195453">Merge 分县数据（源数据）4;香港20220309;澳门20220309;台湾20220309 D:\我的坚果云\我的坚果云\ArcGIS数据\行政区划数据库\行政区划数据库.gdb\分县数据（源数据）5 "地址 "地址" true true false 255 Text 0 0 ,First,#,分县数据（源数据）4,地址,-1,-1,香港20220309,地址,-1,-1,澳门20220309,地址,-1,-1,台湾20220309,地址,-1,-1;省区 "省区" true true false 255 Text 0 0 ,First,#,分县数据（源数据）4,省区,-1,-1,香港20220309,省区,-1,-1,澳门20220309,省区,-1,-1,台湾20220309,省区,-1,-1;地市 "地市" true true false 255 Text 0 0 ,First,#,分县数据（源数据）4,地市,-1,-1,香港20220309,地市,-1,-1,澳门20220309,地市,-1,-1,台湾20220309,地市,-1,-1;区县 "区县" true true false 255 Text 0 0 ,First,#,分县数据（源数据）4,区县,-1,-1,香港20220309,区县,-1,-1,澳门20220309,区县,-1,-1,台湾20220309,区县,-1,-1;地址2 "地址2" true true false 255 Text 0 0 ,First,#,分县数据（源数据）4,地址2,-1,-1,香港20220309,地址2,-1,-1,澳门20220309,地址2,-1,-1,台湾20220309,地址2,-1,-1;行政区划代码_1 "行政区划代码_1" true true false 4 Long 0 0 ,First,#,分县数据（源数据）4,行政区划代码_1,-1,-1,香港20220309,行政区划代码_1,-1,-1,澳门20220309,行政区划代码_1,-1,-1,台湾20220309,行政区划代码_1,-1,-1;类型 "类型" true true false 255 Text 0 0 ,First,#,分县数据（源数据）4,类型,-1,-1,香港20220309,类型,-1,-1,澳门20220309,类型,-1,-1,台湾20220309,类型,-1,-1;Shape_Length "Shape_Length" false true true 8 Double 0 0 ,First,#,分县数据（源数据）4,Shape_Length,-1,-1,香港20220309,Shape_Length,-1,-1,澳门20220309,Shape_Length,-1,-1,台湾20220309,Shape_Length,-1,-1;Shape_Area "Shape_Area" false true true 8 Double 0 0 ,First,#,分县数据（源数据）4,Shape_Area,-1,-1,香港20220309,Shape_Area,-1,-1,澳门20220309,Shape_Area,-1,-1,台湾20220309,Shape_Area,-1,-1"</Process><Process ToolSource="d:\programs\gis\desktop10.2\ArcToolbox\Toolboxes\Data Management Tools.tbx\Dissolve" Date="20220430" Time="214911">Dissolve 分县数据（源数据）5 D:\我的坚果云\我的坚果云\ArcGIS数据\行政区划数据库\待发布合并数据.gdb\分市 地市 "省区 FIRST" MULTI_PART DISSOLVE_LINES</Process></lineage></DataProperties><SyncDate>20220430</SyncDate><SyncTime>21485800</SyncTime><ModDate>20220430</ModDate><ModTime>21485800</ModTime></Esri><dataIdInfo><envirDesc Sync="TRUE"> Version 6.2 (Build 9200) ; Esri ArcGIS 10.2.0.3348</envirDesc><dataLang><languageCode value="zho" Sync="TRUE"></languageCode><countryCode value="CHN" Sync="TRUE"></countryCode></dataLang><idCitation><resTitle Sync="TRUE">分市</resTitle><presForm><PresFormCd value="005" Sync="TRUE"></PresFormCd></presForm></idCitation><spatRpType><SpatRepTypCd value="001" Sync="TRUE"></SpatRepTypCd></spatRpType></dataIdInfo><mdLang><languageCode value="zho" Sync="TRUE"></languageCode><countryCode value="CHN" Sync="TRUE"></countryCode></mdLang><distInfo><distFormat><formatName Sync="TRUE">文件地理数据库要素类</formatName></distFormat></distInfo><mdHrLv><ScopeCd value="005" Sync="TRUE"></ScopeCd></mdHrLv><mdHrLvName Sync="TRUE">dataset</mdHrLvName><refSysInfo><RefSystem><refSysID><identCode code="4326" Sync="TRUE"></identCode><idCodeSpace Sync="TRUE">EPSG</idCodeSpace><idVersion Sync="TRUE">8.1.1</idVersion></refSysID></RefSystem></refSysInfo><spatRepInfo><VectSpatRep><geometObjs Name="分市"><geoObjTyp><GeoObjTypCd value="002" Sync="TRUE"></GeoObjTypCd></geoObjTyp><geoObjCnt Sync="TRUE">0</geoObjCnt></geometObjs><topLvl><TopoLevCd value="001" Sync="TRUE"></TopoLevCd></topLvl></VectSpatRep></spatRepInfo><spdoinfo><ptvctinf><esriterm Name="分市"><efeatyp Sync="TRUE">Simple</efeatyp><efeageom code="4" Sync="TRUE"></efeageom><esritopo Sync="TRUE">FALSE</esritopo><efeacnt Sync="TRUE">0</efeacnt><spindex Sync="TRUE">TRUE</spindex><linrefer Sync="TRUE">FALSE</linrefer></esriterm></ptvctinf></spdoinfo><eainfo><detailed Name="分市"><enttyp><enttypl Sync="TRUE">分市</enttypl><enttypt Sync="TRUE">Feature Class</enttypt><enttypc Sync="TRUE">0</enttypc></enttyp><attr><attrlabl Sync="TRUE">OBJECTID</attrlabl><attalias Sync="TRUE">OBJECTID</attalias><attrtype Sync="TRUE">OID</attrtype><attwidth Sync="TRUE">4</attwidth><atprecis Sync="TRUE">0</atprecis><attscale Sync="TRUE">0</attscale><attrdef Sync="TRUE">Internal feature number.</attrdef><attrdefs Sync="TRUE">Esri</attrdefs><attrdomv><udom Sync="TRUE">Sequential unique whole numbers that are automatically generated.</udom></attrdomv></attr><attr><attrlabl Sync="TRUE">Shape</attrlabl><attalias Sync="TRUE">Shape</attalias><attrtype Sync="TRUE">Geometry</attrtype><attwidth Sync="TRUE">0</attwidth><atprecis Sync="TRUE">0</atprecis><attscale Sync="TRUE">0</attscale><attrdef Sync="TRUE">Feature geometry.</attrdef><attrdefs Sync="TRUE">Esri</attrdefs><attrdomv><udom Sync="TRUE">Coordinates defining the features.</udom></attrdomv></attr><attr><attrlabl Sync="TRUE">地市</attrlabl><attalias Sync="TRUE">地市</attalias><attrtype Sync="TRUE">String</attrtype><attwidth Sync="TRUE">255</attwidth><atprecis Sync="TRUE">0</atprecis><attscale Sync="TRUE">0</attscale></attr><attr><attrlabl Sync="TRUE">FIRST_省区</attrlabl><attalias Sync="TRUE">省区</attalias><attrtype Sync="TRUE">String</attrtype><attwidth Sync="TRUE">255</attwidth><atprecis Sync="TRUE">0</atprecis><attscale Sync="TRUE">0</attscale></attr><attr><attrlabl Sync="TRUE">Shape_Length</attrlabl><attalias Sync="TRUE">Shape_Length</attalias><attrtype Sync="TRUE">Double</attrtype><attwidth Sync="TRUE">8</attwidth><atprecis Sync="TRUE">0</atprecis><attscale Sync="TRUE">0</attscale><attrdef Sync="TRUE">Length of feature in internal units.</attrdef><attrdefs Sync="TRUE">Esri</attrdefs><attrdomv><udom Sync="TRUE">Positive real numbers that are automatically generated.</udom></attrdomv></attr><attr><attrlabl Sync="TRUE">Shape_Area</attrlabl><attalias Sync="TRUE">Shape_Area</attalias><attrtype Sync="TRUE">Double</attrtype><attwidth Sync="TRUE">8</attwidth><atprecis Sync="TRUE">0</atprecis><attscale Sync="TRUE">0</attscale><attrdef Sync="TRUE">Area of feature in internal units squared.</attrdef><attrdefs Sync="TRUE">Esri</attrdefs><attrdomv><udom Sync="TRUE">Positive real numbers that are automatically generated.</udom></attrdomv></attr></detailed></eainfo><mdDateSt Sync="TRUE">20220430</mdDateSt></metadata>
